participant,session_start,session_status,task_position,task_id,task_text,target,task_outcome,task_seconds,task_clicks,predicted_first_click,first_click,first_click_predicted,first_click_correct_path,click_number,action,label,page,seconds_since_previous
P1,2026-10-07 07:30:40,complete,1,9,Seagulls keep swooping at your lunch at Liberty Park. Find out more about them.,California gull,success,20.0,2,Birds,Birds,yes,yes,1,category button,Birds,Home,8.8
P1,2026-10-07 07:30:40,complete,1,9,Seagulls keep swooping at your lunch at Liberty Park. Find out more about them.,California gull,success,20.0,2,Birds,Birds,yes,yes,2,card,California gull,Birds,11.2
P1,2026-10-07 07:30:40,complete,2,8,Your dog came back from a Wasatch hike with quills stuck in its nose. Find the animal that did it.,Porcupine,give up,9.2,1,Small mammals,I give up,no,no,1,give up,I give up,Home,9.2
P1,2026-10-07 07:30:40,complete,3,3,A neighbor who keeps beehives gave you a jar of honey. Find the animal that made it.,Honeybee,success,12.0,4,Insects and other small creatures,Reptiles,no,no,1,category button,Reptiles,Home,0.0
P1,2026-10-07 07:30:40,complete,3,3,A neighbor who keeps beehives gave you a jar of honey. Find the animal that made it.,Honeybee,success,12.0,4,Insects and other small creatures,Reptiles,no,no,2,breadcrumb,Home,Reptiles,4.3
P1,2026-10-07 07:30:40,complete,3,3,A neighbor who keeps beehives gave you a jar of honey. Find the animal that made it.,Honeybee,success,12.0,4,Insects and other small creatures,Reptiles,no,no,3,category button,Insects and other small creatures,Home,3.4
P1,2026-10-07 07:30:40,complete,3,3,A neighbor who keeps beehives gave you a jar of honey. Find the animal that made it.,Honeybee,success,12.0,4,Insects and other small creatures,Reptiles,no,no,4,card,Honeybee,Insects and other small creatures,4.3
P1,2026-10-07 07:30:40,complete,4,6,You heard a buzzing rattle under a bush while hiking near Moab. Find the animal that made the sound.,Great Basin rattlesnake,success,7.0,2,Reptiles,Deserts,no,yes,1,category button,Deserts,Home,0.0
P1,2026-10-07 07:30:40,complete,4,6,You heard a buzzing rattle under a bush while hiking near Moab. Find the animal that made the sound.,Great Basin rattlesnake,success,7.0,2,Reptiles,Deserts,no,yes,2,card,Great Basin rattlesnake,Deserts,7.0
P1,2026-10-07 07:30:40,complete,5,10,Your brother-in-law drew a moose tag this fall. Find out more about the animal he'll be hunting.,Moose,success,9.7,3,"Deer, elk, and other antlered animals","Deer, elk, and other antlered animals",yes,yes,1,category button,"Deer, elk, and other antlered animals",Home,0.0
P1,2026-10-07 07:30:40,complete,5,10,Your brother-in-law drew a moose tag this fall. Find out more about the animal he'll be hunting.,Moose,success,9.7,3,"Deer, elk, and other antlered animals","Deer, elk, and other antlered animals",yes,yes,2,card,Elk,"Deer, elk, and other antlered animals",4.7
P1,2026-10-07 07:30:40,complete,5,10,Your brother-in-law drew a moose tag this fall. Find out more about the animal he'll be hunting.,Moose,success,9.7,3,"Deer, elk, and other antlered animals","Deer, elk, and other antlered animals",yes,yes,3,card,Moose,"Deer, elk, and other antlered animals",4.9
P1,2026-10-07 07:30:40,complete,6,1,A red fox has been trotting through your neighborhood at dusk. Find out more about it.,Red fox,success,12.8,6,Small mammals,Birds,no,no,1,category button,Birds,Home,0.0
P1,2026-10-07 07:30:40,complete,6,1,A red fox has been trotting through your neighborhood at dusk. Find out more about it.,Red fox,success,12.8,6,Small mammals,Birds,no,no,2,back,Back,Birds,0.2
P1,2026-10-07 07:30:40,complete,6,1,A red fox has been trotting through your neighborhood at dusk. Find out more about it.,Red fox,success,12.8,6,Small mammals,Birds,no,no,3,forward,Forward,Home,0.1
P1,2026-10-07 07:30:40,complete,6,1,A red fox has been trotting through your neighborhood at dusk. Find out more about it.,Red fox,success,12.8,6,Small mammals,Birds,no,no,4,breadcrumb,Home,Birds,4.5
P1,2026-10-07 07:30:40,complete,6,1,A red fox has been trotting through your neighborhood at dusk. Find out more about it.,Red fox,success,12.8,6,Small mammals,Birds,no,no,5,category button,Small mammals,Home,3.9
P1,2026-10-07 07:30:40,complete,6,1,A red fox has been trotting through your neighborhood at dusk. Find out more about it.,Red fox,success,12.8,6,Small mammals,Birds,no,no,6,card,Red fox,Small mammals,4.1
P1,2026-10-07 07:30:40,complete,7,2,Your family is camping in the Uintas this weekend and you heard cougars live there. Find out more about cougars.,Mountain lion,success,5.0,2,Mountains and forests,Mountains and forests,yes,yes,1,category button,Mountains and forests,Home,0.0
P1,2026-10-07 07:30:40,complete,7,2,Your family is camping in the Uintas this weekend and you heard cougars live there. Find out more about cougars.,Mountain lion,success,5.0,2,Mountains and forests,Mountains and forests,yes,yes,2,card,Mountain lion,Mountains and forests,5.0
P1,2026-10-07 07:30:40,complete,8,4,You caught a cutthroat at Strawberry Reservoir and want to know if it's the native kind. Find it.,Bonneville cutthroat trout,give up,26.3,2,Fish,Rivers and lakes,no,yes,1,category button,Rivers and lakes,Home,0.0
P1,2026-10-07 07:30:40,complete,8,4,You caught a cutthroat at Strawberry Reservoir and want to know if it's the native kind. Find it.,Bonneville cutthroat trout,give up,26.3,2,Fish,Rivers and lakes,no,yes,2,give up,I give up,Rivers and lakes,26.3
P1,2026-10-07 07:30:40,complete,9,5,You're planning a trip to Antelope Island to see the buffalo herd. Find out more about them.,American bison,success,4.4,2,"Deer, elk, and other antlered animals",Deserts,no,yes,1,category button,Deserts,Home,0.0
P1,2026-10-07 07:30:40,complete,9,5,You're planning a trip to Antelope Island to see the buffalo herd. Find out more about them.,American bison,success,4.4,2,"Deer, elk, and other antlered animals",Deserts,no,yes,2,card,American bison,Deserts,4.4
P1,2026-10-07 07:30:40,complete,10,7,You're thinking about keeping a few hens at home for fresh eggs. Find out more about them.,Chicken,success,21.4,7,Farm animals and pets,"Farms, yards, and towns",no,yes,1,category button,"Farms, yards, and towns",Home,0.0
P1,2026-10-07 07:30:40,complete,10,7,You're thinking about keeping a few hens at home for fresh eggs. Find out more about them.,Chicken,success,21.4,7,Farm animals and pets,"Farms, yards, and towns",no,yes,2,filter check,Small,"Farms, yards, and towns",5.3
P1,2026-10-07 07:30:40,complete,10,7,You're thinking about keeping a few hens at home for fresh eggs. Find out more about them.,Chicken,success,21.4,7,Farm animals and pets,"Farms, yards, and towns",no,yes,3,filter check,Feathers,"Farms, yards, and towns",0.0
P1,2026-10-07 07:30:40,complete,10,7,You're thinking about keeping a few hens at home for fresh eggs. Find out more about them.,Chicken,success,21.4,7,Farm animals and pets,"Farms, yards, and towns",no,yes,4,filter uncheck,Feathers,"Farms, yards, and towns",0.0
P1,2026-10-07 07:30:40,complete,10,7,You're thinking about keeping a few hens at home for fresh eggs. Find out more about them.,Chicken,success,21.4,7,Farm animals and pets,"Farms, yards, and towns",no,yes,5,clear filters,Clear filters,"Farms, yards, and towns",10.5
P1,2026-10-07 07:30:40,complete,10,7,You're thinking about keeping a few hens at home for fresh eggs. Find out more about them.,Chicken,success,21.4,7,Farm animals and pets,"Farms, yards, and towns",no,yes,6,filter check,Small,"Farms, yards, and towns",0.0
P1,2026-10-07 07:30:40,complete,10,7,You're thinking about keeping a few hens at home for fresh eggs. Find out more about them.,Chicken,success,21.4,7,Farm animals and pets,"Farms, yards, and towns",no,yes,7,card,Chicken,"Farms, yards, and towns",5.6
P2,2026-10-07 07:35:18,complete,1,7,You're thinking about keeping a few hens at home for fresh eggs. Find out more about them.,Chicken,success,6.0,2,Farm animals and pets,Farm animals and pets,yes,yes,1,category button,Farm animals and pets,Home,2.9
P2,2026-10-07 07:35:18,complete,1,7,You're thinking about keeping a few hens at home for fresh eggs. Find out more about them.,Chicken,success,6.0,2,Farm animals and pets,Farm animals and pets,yes,yes,2,card,Chicken,Farm animals and pets,3.1
P2,2026-10-07 07:35:18,complete,2,5,You're planning a trip to Antelope Island to see the buffalo herd. Find out more about them.,American bison,give up,7.2,1,"Deer, elk, and other antlered animals",I give up,no,no,1,give up,I give up,Home,7.2
P2,2026-10-07 07:35:18,complete,3,2,Your family is camping in the Uintas this weekend and you heard cougars live there. Find out more about cougars.,Mountain lion,give up,3.0,1,Mountains and forests,I give up,no,no,1,give up,I give up,Home,3.0
P2,2026-10-07 07:35:18,complete,4,6,You heard a buzzing rattle under a bush while hiking near Moab. Find the animal that made the sound.,Great Basin rattlesnake,give up,2.8,1,Reptiles,I give up,no,no,1,give up,I give up,Home,2.8
P2,2026-10-07 07:35:18,complete,5,8,Your dog came back from a Wasatch hike with quills stuck in its nose. Find the animal that did it.,Porcupine,give up,3.7,1,Small mammals,I give up,no,no,1,give up,I give up,Home,3.7
P2,2026-10-07 07:35:18,complete,6,9,Seagulls keep swooping at your lunch at Liberty Park. Find out more about them.,California gull,give up,3.1,1,Birds,I give up,no,no,1,give up,I give up,Home,3.1
P2,2026-10-07 07:35:18,complete,7,10,Your brother-in-law drew a moose tag this fall. Find out more about the animal he'll be hunting.,Moose,give up,3.1,1,"Deer, elk, and other antlered animals",I give up,no,no,1,give up,I give up,Home,3.1
P2,2026-10-07 07:35:18,complete,8,4,You caught a cutthroat at Strawberry Reservoir and want to know if it's the native kind. Find it.,Bonneville cutthroat trout,success,6.1,2,Fish,Fish,yes,yes,1,category button,Fish,Home,2.7
P2,2026-10-07 07:35:18,complete,8,4,You caught a cutthroat at Strawberry Reservoir and want to know if it's the native kind. Find it.,Bonneville cutthroat trout,success,6.1,2,Fish,Fish,yes,yes,2,card,Bonneville cutthroat trout,Fish,3.4
P2,2026-10-07 07:35:18,complete,9,1,A red fox has been trotting through your neighborhood at dusk. Find out more about it.,Red fox,give up,3.1,1,Small mammals,I give up,no,no,1,give up,I give up,Home,3.1
P2,2026-10-07 07:35:18,complete,10,3,A neighbor who keeps beehives gave you a jar of honey. Find the animal that made it.,Honeybee,give up,3.2,1,Insects and other small creatures,I give up,no,no,1,give up,I give up,Home,3.2
P3,2026-10-07 07:36:46,incomplete,1,4,You caught a cutthroat at Strawberry Reservoir and want to know if it's the native kind. Find it.,Bonneville cutthroat trout,success,32.6,4,Fish,Rivers and lakes,no,yes,1,category button,Rivers and lakes,Home,3.1
P3,2026-10-07 07:36:46,incomplete,1,4,You caught a cutthroat at Strawberry Reservoir and want to know if it's the native kind. Find it.,Bonneville cutthroat trout,success,32.6,4,Fish,Rivers and lakes,no,yes,2,filter check,Scales,Rivers and lakes,4.1
P3,2026-10-07 07:36:46,incomplete,1,4,You caught a cutthroat at Strawberry Reservoir and want to know if it's the native kind. Find it.,Bonneville cutthroat trout,success,32.6,4,Fish,Rivers and lakes,no,yes,3,card,Common carp,Rivers and lakes,5.7
P3,2026-10-07 07:36:46,incomplete,1,4,You caught a cutthroat at Strawberry Reservoir and want to know if it's the native kind. Find it.,Bonneville cutthroat trout,success,32.6,4,Fish,Rivers and lakes,no,yes,4,card,Bonneville cutthroat trout,Rivers and lakes,19.7
P3,2026-10-07 07:36:46,incomplete,2,5,You're planning a trip to Antelope Island to see the buffalo herd. Find out more about them.,American bison,,5.4,2,"Deer, elk, and other antlered animals",Reptiles,no,no,1,category button,Reptiles,Home,0.0
P3,2026-10-07 07:36:46,incomplete,2,5,You're planning a trip to Antelope Island to see the buffalo herd. Find out more about them.,American bison,,5.4,2,"Deer, elk, and other antlered animals",Reptiles,no,no,2,link,Home,Category not found,5.4
P4,2026-10-07 07:37:37,incomplete,1,4,You caught a cutthroat at Strawberry Reservoir and want to know if it's the native kind. Find it.,Bonneville cutthroat trout,,0.0,1,Fish,Mountains and forests,no,no,1,category button,Mountains and forests,Home,0.0
